-- Generated SQL Inserts
INSERT INTO bank (bank_name, bank_address, bank_swift_code) VALUES ('First National Bank', '123 Main St', 'FNBAUS33XXX');
INSERT INTO bank (bank_name, bank_address, bank_swift_code) VALUES ('City Trust Bank', '456 Oak Ave', 'CTBKUS44AAA');
INSERT INTO bank (bank_name, bank_address, bank_swift_code) VALUES ('Global Finance', '789 Pine Rd', 'GLBLUS55BBB');
INSERT INTO position (position_name, salary, bank_id) VALUES ('Teller', 31354.29, 1);
INSERT INTO position (position_name, salary, bank_id) VALUES ('Manager', 67417.26, 2);
INSERT INTO position (position_name, salary, bank_id) VALUES ('Analyst', 79224.42, 3);
INSERT INTO position (position_name, salary, bank_id) VALUES ('Clerk', 105334.85, 1);
INSERT INTO position (position_name, salary, bank_id) VALUES ('Director', 37528.2, 2);
INSERT INTO position (position_name, salary, bank_id) VALUES ('Assistant', 85712.48, 3);
INSERT INTO person (first_name, last_name, role, phone, email) VALUES ('Anna', 'Davis', 'customer', '+37495634430', 'anna.davis1@mail.com');
INSERT INTO person (first_name, last_name, role, phone, email) VALUES ('Alex', 'Johnson', 'customer', '+37497108158', 'alex.johnson2@bank.com');
INSERT INTO person (first_name, last_name, role, phone, email) VALUES ('Chris', 'Miller', 'customer', '+37492171824', 'chris.miller3@bank.com');
INSERT INTO person (first_name, last_name, role, phone, email) VALUES ('John', 'Smith', 'customer', '+37496143167', 'john.smith4@example.com');
INSERT INTO person (first_name, last_name, role, phone, email) VALUES ('Emily', 'Williams', 'customer', '+37491086823', 'emily.williams5@example.com');
INSERT INTO person (first_name, last_name, role, phone, email) VALUES ('Sarah', 'Brown', 'customer', '+37496679345', 'sarah.brown6@bank.com');
INSERT INTO person (first_name, last_name, role, phone, email) VALUES ('Alex', 'Jones', 'customer', '+37491471497', 'alex.jones7@bank.com');
INSERT INTO person (first_name, last_name, role, phone, email) VALUES ('Emily', 'Moore', 'customer', '+37493804239', 'emily.moore8@mail.com');
INSERT INTO person (first_name, last_name, role, phone, email) VALUES ('Sarah', 'Moore', 'customer', '+37495742537', 'sarah.moore9@mail.com');
INSERT INTO person (first_name, last_name, role, phone, email) VALUES ('Emily', 'Miller', 'customer', '+37493076744', 'emily.miller10@example.com');
INSERT INTO person (first_name, last_name, role, phone, email) VALUES ('Jane', 'Moore', 'customer', '+37491230890', 'jane.moore11@bank.com');
INSERT INTO person (first_name, last_name, role, phone, email) VALUES ('Laura', 'Taylor', 'customer', '+37499655653', 'laura.taylor12@bank.com');
INSERT INTO person (first_name, last_name, role, phone, email) VALUES ('Anna', 'Jones', 'customer', '+37494769494', 'anna.jones13@bank.com');
INSERT INTO person (first_name, last_name, role, phone, email) VALUES ('Laura', 'Taylor', 'customer', '+37498022108', 'laura.taylor14@bank.com');
INSERT INTO person (first_name, last_name, role, phone, email) VALUES ('Sarah', 'Brown', 'customer', '+37492808998', 'sarah.brown15@example.com');
INSERT INTO person (first_name, last_name, role, phone, email) VALUES ('Sarah', 'Jones', 'customer', '+37496756088', 'sarah.jones16@mail.com');
INSERT INTO person (first_name, last_name, role, phone, email) VALUES ('Chris', 'Davis', 'customer', '+37490174480', 'chris.davis17@bank.com');
INSERT INTO person (first_name, last_name, role, phone, email) VALUES ('Laura', 'Wilson', 'customer', '+37490108503', 'laura.wilson18@mail.com');
INSERT INTO person (first_name, last_name, role, phone, email) VALUES ('Chris', 'Taylor', 'customer', '+37499268918', 'chris.taylor19@mail.com');
INSERT INTO person (first_name, last_name, role, phone, email) VALUES ('Laura', 'Taylor', 'customer', '+37490360417', 'laura.taylor20@example.com');
INSERT INTO person (first_name, last_name, role, phone, email) VALUES ('Laura', 'Davis', 'customer', '+37491748976', 'laura.davis21@bank.com');
INSERT INTO person (first_name, last_name, role, phone, email) VALUES ('Laura', 'Smith', 'customer', '+37499788195', 'laura.smith22@mail.com');
INSERT INTO person (first_name, last_name, role, phone, email) VALUES ('Emily', 'Jones', 'customer', '+37491556970', 'emily.jones23@mail.com');
INSERT INTO person (first_name, last_name, role, phone, email) VALUES ('Emily', 'Williams', 'customer', '+37495048005', 'emily.williams24@bank.com');
INSERT INTO person (first_name, last_name, role, phone, email) VALUES ('Laura', 'Taylor', 'customer', '+37492633646', 'laura.taylor25@example.com');
INSERT INTO person (first_name, last_name, role, phone, email) VALUES ('Laura', 'Jones', 'customer', '+37495408438', 'laura.jones26@example.com');
INSERT INTO person (first_name, last_name, role, phone, email) VALUES ('Sarah', 'Williams', 'customer', '+37494830770', 'sarah.williams27@bank.com');
INSERT INTO person (first_name, last_name, role, phone, email) VALUES ('Jane', 'Davis', 'customer', '+37494869445', 'jane.davis28@bank.com');
INSERT INTO person (first_name, last_name, role, phone, email) VALUES ('David', 'Jones', 'customer', '+37490716299', 'david.jones29@mail.com');
INSERT INTO person (first_name, last_name, role, phone, email) VALUES ('Laura', 'Davis', 'customer', '+37493131859', 'laura.davis30@bank.com');
INSERT INTO person (first_name, last_name, role, phone, email) VALUES ('Chris', 'Taylor', 'employee', '+37496626495', 'chris.taylor31@bank.com');
INSERT INTO person (first_name, last_name, role, phone, email) VALUES ('Jane', 'Smith', 'employee', '+37491208741', 'jane.smith32@mail.com');
INSERT INTO person (first_name, last_name, role, phone, email) VALUES ('Sarah', 'Williams', 'employee', '+37491751785', 'sarah.williams33@example.com');
INSERT INTO person (first_name, last_name, role, phone, email) VALUES ('David', 'Smith', 'employee', '+37495836285', 'david.smith34@mail.com');
INSERT INTO person (first_name, last_name, role, phone, email) VALUES ('Sarah', 'Davis', 'employee', '+37493537122', 'sarah.davis35@bank.com');
INSERT INTO person (first_name, last_name, role, phone, email) VALUES ('John', 'Moore', 'employee', '+37492549057', 'john.moore36@example.com');
INSERT INTO person (first_name, last_name, role, phone, email) VALUES ('John', 'Johnson', 'employee', '+37493255743', 'john.johnson37@mail.com');
INSERT INTO person (first_name, last_name, role, phone, email) VALUES ('Alex', 'Jones', 'employee', '+37492027652', 'alex.jones38@bank.com');
INSERT INTO person (first_name, last_name, role, phone, email) VALUES ('Michael', 'Taylor', 'employee', '+37497913997', 'michael.taylor39@example.com');
INSERT INTO person (first_name, last_name, role, phone, email) VALUES ('Anna', 'Brown', 'employee', '+37496209105', 'anna.brown40@example.com');
INSERT INTO person (first_name, last_name, role, phone, email) VALUES ('John', 'Taylor', 'employee', '+37499113877', 'john.taylor41@bank.com');
INSERT INTO person (first_name, last_name, role, phone, email) VALUES ('Anna', 'Smith', 'employee', '+37492104391', 'anna.smith42@bank.com');
INSERT INTO person (first_name, last_name, role, phone, email) VALUES ('John', 'Davis', 'employee', '+37499592312', 'john.davis43@bank.com');
INSERT INTO person (first_name, last_name, role, phone, email) VALUES ('Chris', 'Moore', 'employee', '+37491486840', 'chris.moore44@bank.com');
INSERT INTO person (first_name, last_name, role, phone, email) VALUES ('John', 'Miller', 'employee', '+37493202199', 'john.miller45@bank.com');
INSERT INTO person (first_name, last_name, role, phone, email) VALUES ('Michael', 'Davis', 'employee', '+37495534944', 'michael.davis46@example.com');
INSERT INTO person (first_name, last_name, role, phone, email) VALUES ('Sarah', 'Williams', 'employee', '+37497977204', 'sarah.williams47@mail.com');
INSERT INTO person (first_name, last_name, role, phone, email) VALUES ('John', 'Wilson', 'employee', '+37493687055', 'john.wilson48@example.com');
INSERT INTO person (first_name, last_name, role, phone, email) VALUES ('Sarah', 'Davis', 'employee', '+37497069408', 'sarah.davis49@bank.com');
INSERT INTO person (first_name, last_name, role, phone, email) VALUES ('Emily', 'Johnson', 'employee', '+37495195581', 'emily.johnson50@mail.com');
INSERT INTO person (first_name, last_name, role, phone, email) VALUES ('Chris', 'Smith', 'employee', '+37496413715', 'chris.smith51@mail.com');
INSERT INTO person (first_name, last_name, role, phone, email) VALUES ('Michael', 'Johnson', 'employee', '+37492376056', 'michael.johnson52@bank.com');
INSERT INTO person (first_name, last_name, role, phone, email) VALUES ('Jane', 'Jones', 'employee', '+37499640398', 'jane.jones53@example.com');
INSERT INTO person (first_name, last_name, role, phone, email) VALUES ('Emily', 'Williams', 'employee', '+37497021397', 'emily.williams54@mail.com');
INSERT INTO person (first_name, last_name, role, phone, email) VALUES ('David', 'Wilson', 'employee', '+37490167630', 'david.wilson55@bank.com');
INSERT INTO person (first_name, last_name, role, phone, email) VALUES ('Emily', 'Jones', 'employee', '+37496674864', 'emily.jones56@mail.com');
INSERT INTO person (first_name, last_name, role, phone, email) VALUES ('Laura', 'Smith', 'employee', '+37492192847', 'laura.smith57@mail.com');
INSERT INTO person (first_name, last_name, role, phone, email) VALUES ('Alex', 'Jones', 'employee', '+37499443253', 'alex.jones58@example.com');
INSERT INTO person (first_name, last_name, role, phone, email) VALUES ('Chris', 'Miller', 'employee', '+37492228411', 'chris.miller59@example.com');
INSERT INTO person (first_name, last_name, role, phone, email) VALUES ('Michael', 'Smith', 'employee', '+37490913383', 'michael.smith60@example.com');
INSERT INTO customer (customer_id, date_of_birth, address, bank_id) VALUES (1, '1971-12-03', '586 Maple St', 2);
INSERT INTO customer (customer_id, date_of_birth, address, bank_id) VALUES (2, '1969-02-14', '136 Oak St', 1);
INSERT INTO customer (customer_id, date_of_birth, address, bank_id) VALUES (3, '1975-04-12', '707 Oak St', 2);
INSERT INTO customer (customer_id, date_of_birth, address, bank_id) VALUES (4, '2002-07-01', '654 Maple St', 3);
INSERT INTO customer (customer_id, date_of_birth, address, bank_id) VALUES (5, '1980-01-25', '363 Pine St', 1);
INSERT INTO customer (customer_id, date_of_birth, address, bank_id) VALUES (6, '1993-06-14', '660 Oak St', 1);
INSERT INTO customer (customer_id, date_of_birth, address, bank_id) VALUES (7, '2000-07-27', '972 Maple St', 3);
INSERT INTO customer (customer_id, date_of_birth, address, bank_id) VALUES (8, '1985-03-14', '434 Pine St', 2);
INSERT INTO customer (customer_id, date_of_birth, address, bank_id) VALUES (9, '1965-01-31', '356 Pine St', 2);
INSERT INTO customer (customer_id, date_of_birth, address, bank_id) VALUES (10, '1983-12-15', '755 Oak St', 2);
INSERT INTO customer (customer_id, date_of_birth, address, bank_id) VALUES (11, '1976-03-09', '553 Pine St', 2);
INSERT INTO customer (customer_id, date_of_birth, address, bank_id) VALUES (12, '2005-03-28', '212 Pine St', 1);
INSERT INTO customer (customer_id, date_of_birth, address, bank_id) VALUES (13, '1985-12-07', '276 Pine St', 3);
INSERT INTO customer (customer_id, date_of_birth, address, bank_id) VALUES (14, '2003-06-30', '949 Maple St', 1);
INSERT INTO customer (customer_id, date_of_birth, address, bank_id) VALUES (15, '1974-04-22', '976 Cedar St', 3);
INSERT INTO customer (customer_id, date_of_birth, address, bank_id) VALUES (16, '1977-06-17', '981 Pine St', 3);
INSERT INTO customer (customer_id, date_of_birth, address, bank_id) VALUES (17, '1981-07-14', '433 Oak St', 2);
INSERT INTO customer (customer_id, date_of_birth, address, bank_id) VALUES (18, '1991-09-01', '116 Pine St', 1);
INSERT INTO customer (customer_id, date_of_birth, address, bank_id) VALUES (19, '1986-06-09', '297 Oak St', 3);
INSERT INTO customer (customer_id, date_of_birth, address, bank_id) VALUES (20, '1971-05-22', '861 Maple St', 1);
INSERT INTO customer (customer_id, date_of_birth, address, bank_id) VALUES (21, '1969-12-30', '478 Pine St', 3);
INSERT INTO customer (customer_id, date_of_birth, address, bank_id) VALUES (22, '1986-12-10', '783 Cedar St', 2);
INSERT INTO customer (customer_id, date_of_birth, address, bank_id) VALUES (23, '1982-09-03', '620 Oak St', 3);
INSERT INTO customer (customer_id, date_of_birth, address, bank_id) VALUES (24, '1981-09-01', '529 Pine St', 2);
INSERT INTO customer (customer_id, date_of_birth, address, bank_id) VALUES (25, '1988-09-12', '241 Oak St', 2);
INSERT INTO customer (customer_id, date_of_birth, address, bank_id) VALUES (26, '1984-09-27', '182 Cedar St', 1);
INSERT INTO customer (customer_id, date_of_birth, address, bank_id) VALUES (27, '1979-10-23', '151 Oak St', 3);
INSERT INTO customer (customer_id, date_of_birth, address, bank_id) VALUES (28, '1977-07-04', '329 Maple St', 2);
INSERT INTO customer (customer_id, date_of_birth, address, bank_id) VALUES (29, '1969-03-30', '854 Maple St', 2);
INSERT INTO customer (customer_id, date_of_birth, address, bank_id) VALUES (30, '2000-05-05', '248 Pine St', 2);
INSERT INTO employee (employee_id, position_id) VALUES (31, 5);
INSERT INTO employee (employee_id, position_id) VALUES (32, 1);
INSERT INTO employee (employee_id, position_id) VALUES (33, 5);
INSERT INTO employee (employee_id, position_id) VALUES (34, 2);
INSERT INTO employee (employee_id, position_id) VALUES (35, 5);
INSERT INTO employee (employee_id, position_id) VALUES (36, 3);
INSERT INTO employee (employee_id, position_id) VALUES (37, 4);
INSERT INTO employee (employee_id, position_id) VALUES (38, 3);
INSERT INTO employee (employee_id, position_id) VALUES (39, 2);
INSERT INTO employee (employee_id, position_id) VALUES (40, 1);
INSERT INTO employee (employee_id, position_id) VALUES (41, 1);
INSERT INTO employee (employee_id, position_id) VALUES (42, 3);
INSERT INTO employee (employee_id, position_id) VALUES (43, 5);
INSERT INTO employee (employee_id, position_id) VALUES (44, 1);
INSERT INTO employee (employee_id, position_id) VALUES (45, 6);
INSERT INTO employee (employee_id, position_id) VALUES (46, 6);
INSERT INTO employee (employee_id, position_id) VALUES (47, 1);
INSERT INTO employee (employee_id, position_id) VALUES (48, 1);
INSERT INTO employee (employee_id, position_id) VALUES (49, 1);
INSERT INTO employee (employee_id, position_id) VALUES (50, 4);
INSERT INTO account (balance, status, account_type, created_at, customer_id, bank_id) VALUES (5560.39, 'closed', 'savings', '2020-08-07', 23, 2);
INSERT INTO account (balance, status, account_type, created_at, customer_id, bank_id) VALUES (85704.6, 'suspended', 'business', '2020-06-11', 12, 3);
INSERT INTO account (balance, status, account_type, created_at, customer_id, bank_id) VALUES (60404.01, 'inactive', 'checking', '2021-02-23', 8, 1);
INSERT INTO account (balance, status, account_type, created_at, customer_id, bank_id) VALUES (81974.68, 'inactive', 'business', '2020-08-05', 27, 2);
INSERT INTO account (balance, status, account_type, created_at, customer_id, bank_id) VALUES (8463.31, 'active', 'checking', '2022-06-08', 6, 2);
INSERT INTO account (balance, status, account_type, created_at, customer_id, bank_id) VALUES (73401.38, 'active', 'savings', '2022-05-24', 17, 2);
INSERT INTO account (balance, status, account_type, created_at, customer_id, bank_id) VALUES (76596.55, 'inactive', 'business', '2024-08-14', 17, 1);
INSERT INTO account (balance, status, account_type, created_at, customer_id, bank_id) VALUES (99121.2, 'closed', 'savings', '2024-08-12', 25, 1);
INSERT INTO account (balance, status, account_type, created_at, customer_id, bank_id) VALUES (64695.66, 'inactive', 'checking', '2022-09-04', 1, 1);
INSERT INTO account (balance, status, account_type, created_at, customer_id, bank_id) VALUES (98731.69, 'inactive', 'business', '2021-06-22', 7, 3);
INSERT INTO account (balance, status, account_type, created_at, customer_id, bank_id) VALUES (3111.1, 'closed', 'savings', '2021-06-09', 21, 1);
INSERT INTO account (balance, status, account_type, created_at, customer_id, bank_id) VALUES (65103.29, 'closed', 'checking', '2021-01-07', 1, 3);
INSERT INTO account (balance, status, account_type, created_at, customer_id, bank_id) VALUES (54538.44, 'inactive', 'business', '2024-02-02', 23, 2);
INSERT INTO account (balance, status, account_type, created_at, customer_id, bank_id) VALUES (88218.37, 'closed', 'checking', '2020-02-09', 8, 2);
INSERT INTO account (balance, status, account_type, created_at, customer_id, bank_id) VALUES (40368.38, 'inactive', 'checking', '2020-06-03', 15, 2);
INSERT INTO account (balance, status, account_type, created_at, customer_id, bank_id) VALUES (76701.73, 'suspended', 'business', '2020-07-10', 3, 1);
INSERT INTO account (balance, status, account_type, created_at, customer_id, bank_id) VALUES (39249.65, 'suspended', 'checking', '2020-02-16', 24, 3);
INSERT INTO account (balance, status, account_type, created_at, customer_id, bank_id) VALUES (44149.65, 'active', 'business', '2023-01-17', 25, 1);
INSERT INTO account (balance, status, account_type, created_at, customer_id, bank_id) VALUES (56567.93, 'inactive', 'checking', '2022-03-24', 11, 1);
INSERT INTO account (balance, status, account_type, created_at, customer_id, bank_id) VALUES (17757.48, 'inactive', 'business', '2022-12-04', 10, 1);
INSERT INTO account (balance, status, account_type, created_at, customer_id, bank_id) VALUES (85494.2, 'suspended', 'checking', '2021-07-15', 10, 2);
INSERT INTO account (balance, status, account_type, created_at, customer_id, bank_id) VALUES (68919.98, 'inactive', 'savings', '2023-12-24', 11, 3);
INSERT INTO account (balance, status, account_type, created_at, customer_id, bank_id) VALUES (95491.67, 'suspended', 'checking', '2021-09-11', 30, 1);
INSERT INTO account (balance, status, account_type, created_at, customer_id, bank_id) VALUES (81896.88, 'suspended', 'business', '2022-01-23', 16, 1);
INSERT INTO account (balance, status, account_type, created_at, customer_id, bank_id) VALUES (81861.16, 'active', 'checking', '2023-03-29', 6, 3);
INSERT INTO account (balance, status, account_type, created_at, customer_id, bank_id) VALUES (20143.65, 'active', 'savings', '2020-04-05', 21, 1);
INSERT INTO account (balance, status, account_type, created_at, customer_id, bank_id) VALUES (58194.23, 'closed', 'checking', '2024-06-12', 22, 1);
INSERT INTO account (balance, status, account_type, created_at, customer_id, bank_id) VALUES (18376.61, 'inactive', 'savings', '2023-07-13', 11, 3);
INSERT INTO account (balance, status, account_type, created_at, customer_id, bank_id) VALUES (71422.73, 'closed', 'savings', '2024-02-16', 25, 2);
INSERT INTO account (balance, status, account_type, created_at, customer_id, bank_id) VALUES (32223.19, 'inactive', 'savings', '2023-11-20', 11, 1);
INSERT INTO card (account_id, customer_id, card_number, card_type, expiry_date, status, cvv) VALUES (14, 12, '4024699077179985', 'debit', '2025-08-24', 'blocked', '658');
INSERT INTO card (account_id, customer_id, card_number, card_type, expiry_date, status, cvv) VALUES (7, 29, '8968647554622361', 'prepaid', '2024-12-14', 'active', '251');
INSERT INTO card (account_id, customer_id, card_number, card_type, expiry_date, status, cvv) VALUES (30, 30, '7094391814280184', 'credit', '2026-11-27', 'blocked', '897');
INSERT INTO card (account_id, customer_id, card_number, card_type, expiry_date, status, cvv) VALUES (24, 19, '9187466381975177', 'credit', '2023-06-03', 'active', '740');
INSERT INTO card (account_id, customer_id, card_number, card_type, expiry_date, status, cvv) VALUES (25, 5, '6569873747244662', 'prepaid', '2023-11-09', 'blocked', '701');
INSERT INTO card (account_id, customer_id, card_number, card_type, expiry_date, status, cvv) VALUES (14, 23, '7412289921468785', 'prepaid', '2023-03-12', 'expired', '391');
INSERT INTO card (account_id, customer_id, card_number, card_type, expiry_date, status, cvv) VALUES (23, 21, '3284639410642894', 'prepaid', '2026-01-18', 'active', '633');
INSERT INTO card (account_id, customer_id, card_number, card_type, expiry_date, status, cvv) VALUES (12, 28, '4379000990909082', 'credit', '2026-05-03', 'blocked', '140');
INSERT INTO card (account_id, customer_id, card_number, card_type, expiry_date, status, cvv) VALUES (8, 25, '7746029091051850', 'debit', '2024-03-01', 'expired', '430');
INSERT INTO card (account_id, customer_id, card_number, card_type, expiry_date, status, cvv) VALUES (30, 19, '8430960232416983', 'credit', '2026-01-13', 'blocked', '613');
INSERT INTO card (account_id, customer_id, card_number, card_type, expiry_date, status, cvv) VALUES (21, 25, '6291964218225090', 'prepaid', '2026-02-21', 'expired', '782');
INSERT INTO card (account_id, customer_id, card_number, card_type, expiry_date, status, cvv) VALUES (3, 19, '4171464290199427', 'debit', '2024-07-21', 'active', '802');
INSERT INTO card (account_id, customer_id, card_number, card_type, expiry_date, status, cvv) VALUES (14, 28, '9068486584949460', 'debit', '2025-11-23', 'blocked', '436');
INSERT INTO card (account_id, customer_id, card_number, card_type, expiry_date, status, cvv) VALUES (7, 12, '6379043425483285', 'prepaid', '2024-11-13', 'active', '687');
INSERT INTO card (account_id, customer_id, card_number, card_type, expiry_date, status, cvv) VALUES (11, 28, '9027628958430838', 'prepaid', '2023-04-13', 'active', '825');
INSERT INTO card (account_id, customer_id, card_number, card_type, expiry_date, status, cvv) VALUES (20, 10, '4565308808298573', 'credit', '2024-10-21', 'active', '512');
INSERT INTO card (account_id, customer_id, card_number, card_type, expiry_date, status, cvv) VALUES (27, 20, '6105061543439734', 'prepaid', '2025-11-13', 'blocked', '691');
INSERT INTO card (account_id, customer_id, card_number, card_type, expiry_date, status, cvv) VALUES (1, 4, '3236553829667429', 'debit', '2025-02-11', 'expired', '192');
INSERT INTO card (account_id, customer_id, card_number, card_type, expiry_date, status, cvv) VALUES (16, 3, '0059587958902414', 'credit', '2024-11-17', 'expired', '213');
INSERT INTO card (account_id, customer_id, card_number, card_type, expiry_date, status, cvv) VALUES (15, 30, '3596520041148800', 'credit', '2024-08-07', 'pending', '583');
INSERT INTO transaction (sender_id, receiver_id, amount, description, type, transaction_date) VALUES (9, 13, 2104.22, 'Refund of $2104.22', 'refund', '2023-05-28 12:00:00');
INSERT INTO transaction (sender_id, receiver_id, amount, description, type, transaction_date) VALUES (15, 16, 6477.89, 'Payment of $6477.89', 'payment', '2023-03-15 12:00:00');
INSERT INTO transaction (sender_id, receiver_id, amount, description, type, transaction_date) VALUES (29, 4, 2305.35, 'Transfer of $2305.35', 'transfer', '2024-02-19 12:00:00');
INSERT INTO transaction (sender_id, receiver_id, amount, description, type, transaction_date) VALUES (27, 3, 4522.82, 'Refund of $4522.82', 'refund', '2023-10-11 12:00:00');
INSERT INTO transaction (sender_id, receiver_id, amount, description, type, transaction_date) VALUES (17, 30, 5709.67, 'Transfer of $5709.67', 'transfer', '2022-03-02 12:00:00');
INSERT INTO transaction (sender_id, receiver_id, amount, description, type, transaction_date) VALUES (4, 9, 3604.17, 'Refund of $3604.17', 'refund', '2023-10-27 12:00:00');
INSERT INTO transaction (sender_id, receiver_id, amount, description, type, transaction_date) VALUES (29, 9, 5301.17, 'Transfer of $5301.17', 'transfer', '2023-09-09 12:00:00');
INSERT INTO transaction (sender_id, receiver_id, amount, description, type, transaction_date) VALUES (20, 4, 1607.92, 'Payment of $1607.92', 'payment', '2022-05-27 12:00:00');
INSERT INTO transaction (sender_id, receiver_id, amount, description, type, transaction_date) VALUES (13, 17, 4732.51, 'Refund of $4732.51', 'refund', '2022-07-19 12:00:00');
INSERT INTO transaction (sender_id, receiver_id, amount, description, type, transaction_date) VALUES (15, 9, 5953.42, 'Refund of $5953.42', 'refund', '2022-10-12 12:00:00');
INSERT INTO transaction (sender_id, receiver_id, amount, description, type, transaction_date) VALUES (21, 18, 826.08, 'Refund of $826.08', 'refund', '2023-06-02 12:00:00');
INSERT INTO transaction (sender_id, receiver_id, amount, description, type, transaction_date) VALUES (19, 1, 9280.81, 'Refund of $9280.81', 'refund', '2024-12-10 12:00:00');
INSERT INTO transaction (sender_id, receiver_id, amount, description, type, transaction_date) VALUES (18, 22, 4215.3, 'Payment of $4215.3', 'payment', '2023-06-04 12:00:00');
INSERT INTO transaction (sender_id, receiver_id, amount, description, type, transaction_date) VALUES (18, 29, 9752.83, 'Payment of $9752.83', 'payment', '2024-05-03 12:00:00');
INSERT INTO transaction (sender_id, receiver_id, amount, description, type, transaction_date) VALUES (9, 7, 4411.86, 'Payment of $4411.86', 'payment', '2022-09-28 12:00:00');
INSERT INTO payment (transaction_id, payment_date, amount, payment_method) VALUES (1, '2023-05-30', 2104.22, 'bank_transfer');
INSERT INTO payment (transaction_id, payment_date, amount, payment_method) VALUES (2, '2023-04-07', 6477.89, 'cash');
INSERT INTO payment (transaction_id, payment_date, amount, payment_method) VALUES (3, '2024-03-01', 2305.35, 'credit_card');
INSERT INTO payment (transaction_id, payment_date, amount, payment_method) VALUES (4, '2023-10-16', 4522.82, 'debit_card');
INSERT INTO payment (transaction_id, payment_date, amount, payment_method) VALUES (5, '2022-03-30', 5709.67, 'debit_card');
INSERT INTO payment (transaction_id, payment_date, amount, payment_method) VALUES (6, '2023-11-05', 3604.17, 'credit_card');
INSERT INTO payment (transaction_id, payment_date, amount, payment_method) VALUES (7, '2023-09-15', 5301.17, 'bank_transfer');
INSERT INTO payment (transaction_id, payment_date, amount, payment_method) VALUES (8, '2022-06-19', 1607.92, 'cash');
INSERT INTO payment (transaction_id, payment_date, amount, payment_method) VALUES (9, '2022-07-27', 4732.51, 'cash');
INSERT INTO payment (transaction_id, payment_date, amount, payment_method) VALUES (10, '2022-10-24', 5953.42, 'bank_transfer');
INSERT INTO payment (transaction_id, payment_date, amount, payment_method) VALUES (11, '2023-06-17', 826.08, 'debit_card');
INSERT INTO payment (transaction_id, payment_date, amount, payment_method) VALUES (12, '2025-01-01', 9280.81, 'bank_transfer');
INSERT INTO payment (transaction_id, payment_date, amount, payment_method) VALUES (13, '2023-07-01', 4215.3, 'credit_card');
INSERT INTO payment (transaction_id, payment_date, amount, payment_method) VALUES (14, '2024-05-04', 9752.83, 'debit_card');
INSERT INTO payment (transaction_id, payment_date, amount, payment_method) VALUES (15, '2022-09-30', 4411.86, 'bank_transfer');
INSERT INTO loan (customer_id, loan_type, amount, issued_date, due_date, interest_rate, status) VALUES (30, 'auto', 23289.64, '2023-10-24', '2024-10-23', 2.86, 'defaulted');
INSERT INTO loan (customer_id, loan_type, amount, issued_date, due_date, interest_rate, status) VALUES (8, 'personal', 28635.69, '2021-10-05', '2022-10-05', 1.64, 'active');
INSERT INTO loan (customer_id, loan_type, amount, issued_date, due_date, interest_rate, status) VALUES (1, 'personal', 10566.21, '2020-09-17', '2021-09-17', 4.13, 'defaulted');
INSERT INTO loan (customer_id, loan_type, amount, issued_date, due_date, interest_rate, status) VALUES (15, 'education', 32381.95, '2021-07-16', '2022-07-16', 1.15, 'active');
INSERT INTO loan (customer_id, loan_type, amount, issued_date, due_date, interest_rate, status) VALUES (3, 'personal', 37815.19, '2020-10-26', '2021-10-26', 2.65, 'active');
INSERT INTO loan (customer_id, loan_type, amount, issued_date, due_date, interest_rate, status) VALUES (10, 'education', 2522.56, '2024-11-24', '2025-11-24', 6.38, 'closed');
INSERT INTO loan (customer_id, loan_type, amount, issued_date, due_date, interest_rate, status) VALUES (29, 'education', 41027.0, '2021-07-03', '2022-07-03', 7.56, 'defaulted');
INSERT INTO loan (customer_id, loan_type, amount, issued_date, due_date, interest_rate, status) VALUES (20, 'business', 7255.18, '2022-06-16', '2023-06-16', 6.06, 'closed');
INSERT INTO loan (customer_id, loan_type, amount, issued_date, due_date, interest_rate, status) VALUES (18, 'mortgage', 13761.71, '2019-09-02', '2020-09-01', 3.95, 'defaulted');
INSERT INTO loan (customer_id, loan_type, amount, issued_date, due_date, interest_rate, status) VALUES (15, 'business', 10362.37, '2024-07-05', '2025-07-05', 4.6, 'closed');
INSERT INTO loan_repayment (loan_id, repayment_date, amount_paid, remaining_balance) VALUES (1, '2020-12-28', 896.88, 4855.86);
INSERT INTO loan_repayment (loan_id, repayment_date, amount_paid, remaining_balance) VALUES (2, '2022-02-15', 797.85, 4925.85);
INSERT INTO loan_repayment (loan_id, repayment_date, amount_paid, remaining_balance) VALUES (3, '2022-06-11', 607.12, 2212.86);
INSERT INTO loan_repayment (loan_id, repayment_date, amount_paid, remaining_balance) VALUES (4, '2021-08-10', 839.89, 4752.21);
INSERT INTO loan_repayment (loan_id, repayment_date, amount_paid, remaining_balance) VALUES (5, '2020-11-25', 521.38, 3642.5);
INSERT INTO loan_repayment (loan_id, repayment_date, amount_paid, remaining_balance) VALUES (6, '2024-10-19', 752.72, 3063.63);
INSERT INTO loan_repayment (loan_id, repayment_date, amount_paid, remaining_balance) VALUES (7, '2020-12-18', 531.32, 4781.8);
INSERT INTO loan_repayment (loan_id, repayment_date, amount_paid, remaining_balance) VALUES (8, '2023-07-27', 766.81, 2865.07);
INSERT INTO loan_repayment (loan_id, repayment_date, amount_paid, remaining_balance) VALUES (9, '2020-07-12', 492.65, 1723.46);
INSERT INTO loan_repayment (loan_id, repayment_date, amount_paid, remaining_balance) VALUES (10, '2020-06-02', 571.23, 257.19);
INSERT INTO audit_log (employee_id, action, log_date, ip_address) VALUES (42, 'Processed loan', '2021-01-18', '192.168.66.36');
INSERT INTO audit_log (employee_id, action, log_date, ip_address) VALUES (43, 'Approved payment', '2021-10-02', '192.168.245.1');
INSERT INTO audit_log (employee_id, action, log_date, ip_address) VALUES (43, 'Processed loan', '2022-08-31', '192.168.105.223');
INSERT INTO audit_log (employee_id, action, log_date, ip_address) VALUES (39, 'Updated customer info', '2022-01-28', '192.168.177.41');
INSERT INTO audit_log (employee_id, action, log_date, ip_address) VALUES (43, 'Approved payment', '2021-09-25', '192.168.109.20');
INSERT INTO audit_log (employee_id, action, log_date, ip_address) VALUES (35, 'Updated customer info', '2022-04-15', '192.168.80.189');
INSERT INTO audit_log (employee_id, action, log_date, ip_address) VALUES (47, 'Created account', '2024-08-25', '192.168.238.52');
INSERT INTO audit_log (employee_id, action, log_date, ip_address) VALUES (43, 'Logged in', '2023-12-05', '192.168.161.249');
INSERT INTO audit_log (employee_id, action, log_date, ip_address) VALUES (48, 'Updated customer info', '2021-02-04', '192.168.107.178');
INSERT INTO audit_log (employee_id, action, log_date, ip_address) VALUES (41, 'Processed loan', '2024-03-19', '192.168.60.160');
INSERT INTO branch (branch_name, location, contact_number, bank_id, manager_id) VALUES ('Branch 1', '940 Pine St', '4684665', 1, 44);
INSERT INTO branch (branch_name, location, contact_number, bank_id, manager_id) VALUES ('Branch 2', '447 Oak St', '3241598', 2, 34);
INSERT INTO branch (branch_name, location, contact_number, bank_id, manager_id) VALUES ('Branch 3', '808 Oak St', '6709806', 3, 48);
INSERT INTO branch_employees (branch_id, employee_id) VALUES (3, 34);
INSERT INTO branch_employees (branch_id, employee_id) VALUES (2, 33);
INSERT INTO branch_employees (branch_id, employee_id) VALUES (2, 43);
INSERT INTO branch_employees (branch_id, employee_id) VALUES (3, 41);
INSERT INTO branch_employees (branch_id, employee_id) VALUES (1, 43);
INSERT INTO branch_employees (branch_id, employee_id) VALUES (1, 34);
INSERT INTO branch_employees (branch_id, employee_id) VALUES (2, 45);
INSERT INTO branch_employees (branch_id, employee_id) VALUES (3, 47);
INSERT INTO branch_employees (branch_id, employee_id) VALUES (2, 34);
INSERT INTO beneficiary (customer_id, beneficiary_name, beneficiary_account_number, bank_id) VALUES (1, 'Laura Moore', '204454905411', 2);
INSERT INTO beneficiary (customer_id, beneficiary_name, beneficiary_account_number, bank_id) VALUES (2, 'David Williams', '618860166288', 1);
INSERT INTO beneficiary (customer_id, beneficiary_name, beneficiary_account_number, bank_id) VALUES (3, 'Alex Jones', '820316706102', 1);
INSERT INTO beneficiary (customer_id, beneficiary_name, beneficiary_account_number, bank_id) VALUES (4, 'Laura Smith', '212658387343', 1);
INSERT INTO beneficiary (customer_id, beneficiary_name, beneficiary_account_number, bank_id) VALUES (5, 'David Taylor', '471140448230', 3);
INSERT INTO login (username, password) VALUES ('user1', 'pass123');
INSERT INTO login (username, password) VALUES ('user2', 'pass123');
INSERT INTO login (username, password) VALUES ('user3', 'pass123');
INSERT INTO login (username, password) VALUES ('user4', 'pass123');